<?xml version="1.0" encoding="UTF-8"?>
<project-private xmlns="http://www.netbeans.org/ns/project-private/1">
    <editor-bookmarks xmlns="http://www.netbeans.org/ns/editor-bookmarks/2" lastBookmarkId="0"/>
    <open-files xmlns="http://www.netbeans.org/ns/projectui-open-files/2">
        <group>
            <file>file:/C:/xampp/htdocs/Limonitter/Limonitter/app/vistas/plantilla.php</file>
            <file>file:/C:/xampp/htdocs/Limonitter/Limonitter/app/vistas/misAnuncios.php</file>
            <file>file:/C:/xampp/htdocs/Limonitter/Limonitter/app/controlador/UsuariosController.php</file>
            <file>file:/C:/xampp/htdocs/Limonitter/Limonitter/app/vistas/perfil.php</file>
            <file>file:/C:/xampp/htdocs/Limonitter/Limonitter/app/controlador/AnunciosController.php</file>
        </group>
    </open-files>
</project-private>
